ALTER TABLE "Helix6_Security"."SecurityProfile_SecurityAccessOption" DISABLE TRIGGER ALL;
ALTER TABLE "Helix6_Security"."SecurityAccessOptionLevel" DISABLE TRIGGER ALL;
ALTER TABLE "Helix6_Test"."Worker" DISABLE TRIGGER ALL;
ALTER TABLE "Helix6_Security"."SecurityAccessOption" DISABLE TRIGGER ALL;

INSERT INTO "Helix6_Security"."SecurityModule" ("Id", "Description", "AuditCreationUser", "AuditModificationUser", "AuditCreationDate", "AuditModificationDate", "AuditDeletionDate") VALUES (100, N'Workers', CURRENT_USER, CURRENT_USER, NOW(), NOW(), NULL);

INSERT INTO "Helix6_Test"."AddressType" ("Id", "Description", "AuditCreationUser", "AuditModificationUser", "AuditCreationDate", "AuditModificationDate", "AuditDeletionDate") VALUES (1, N'Home', CURRENT_USER, CURRENT_USER, NOW(), NOW(), null);
INSERT INTO "Helix6_Test"."AddressType" ("Id", "Description", "AuditCreationUser", "AuditModificationUser", "AuditCreationDate", "AuditModificationDate", "AuditDeletionDate") VALUES (2, N'Business', CURRENT_USER, CURRENT_USER, NOW(), NOW(), null);
INSERT INTO "Helix6_Test"."AddressType" ("Id", "Description", "AuditCreationUser", "AuditModificationUser", "AuditCreationDate", "AuditModificationDate", "AuditDeletionDate") VALUES (3, N'Billing', CURRENT_USER, CURRENT_USER, NOW(), NOW(), null);

INSERT INTO "Helix6_Test"."Course" ("Id", "Name", "VersionKey", "VersionNumber", "ValidityFrom", "ValidityTo", "AuditCreationUser", "AuditModificationUser", "AuditCreationDate", "AuditModificationDate", "AuditDeletionDate") OVERRIDING SYSTEM VALUE VALUES (1, N'Scrum 2023', N'Scrum', 2, '2022-12-31 23:00:00.000', NULL, CURRENT_USER, CURRENT_USER, NOW(), NOW(), null);
INSERT INTO "Helix6_Test"."Course" ("Id", "Name", "VersionKey", "VersionNumber", "ValidityFrom", "ValidityTo", "AuditCreationUser", "AuditModificationUser", "AuditCreationDate", "AuditModificationDate", "AuditDeletionDate") OVERRIDING SYSTEM VALUE VALUES (2, N'ITIL', N'ITIL', 1, '2023-01-02 23:00:00.000', NULL, CURRENT_USER, CURRENT_USER, NOW(), NOW(), null);
INSERT INTO "Helix6_Test"."Course" ("Id", "Name", "VersionKey", "VersionNumber", "ValidityFrom", "ValidityTo", "AuditCreationUser", "AuditModificationUser", "AuditCreationDate", "AuditModificationDate", "AuditDeletionDate") OVERRIDING SYSTEM VALUE VALUES (3, N'Azure', N'Azure', 1, '2023-01-04 23:00:00.000', NULL, CURRENT_USER, CURRENT_USER, NOW(), NOW(), null);
INSERT INTO "Helix6_Test"."Course" ("Id", "Name", "VersionKey", "VersionNumber", "ValidityFrom", "ValidityTo", "AuditCreationUser", "AuditModificationUser", "AuditCreationDate", "AuditModificationDate", "AuditDeletionDate") OVERRIDING SYSTEM VALUE VALUES (4, N'Scrum 2022', N'Scrum', 1, '2021-12-31 23:00:00.000', '2022-12-31 22:59:59.000', CURRENT_USER, CURRENT_USER, NOW(), NOW(), null);

INSERT INTO "Helix6_Test"."Project" ("Id", "Name", "VersionKey", "VersionNumber", "AuditCreationUser", "AuditModificationUser", "AuditCreationDate", "AuditModificationDate", "AuditDeletionDate") OVERRIDING SYSTEM VALUE VALUES (1, N'Dynamic Pro: Phase 1', N'Dynamic', 1, CURRENT_USER, CURRENT_USER, NOW(), NOW(), null);
INSERT INTO "Helix6_Test"."Project" ("Id", "Name", "VersionKey", "VersionNumber", "AuditCreationUser", "AuditModificationUser", "AuditCreationDate", "AuditModificationDate", "AuditDeletionDate") OVERRIDING SYSTEM VALUE VALUES (2, N'Project Signal', N'Signal', 1, CURRENT_USER, CURRENT_USER, NOW(), NOW(), null);
INSERT INTO "Helix6_Test"."Project" ("Id", "Name", "VersionKey", "VersionNumber", "AuditCreationUser", "AuditModificationUser", "AuditCreationDate", "AuditModificationDate", "AuditDeletionDate") OVERRIDING SYSTEM VALUE VALUES (3, N'Capricorn', N'Capricorn', 1, CURRENT_USER, CURRENT_USER, NOW(), NOW(), null);
INSERT INTO "Helix6_Test"."Project" ("Id", "Name", "VersionKey", "VersionNumber", "AuditCreationUser", "AuditModificationUser", "AuditCreationDate", "AuditModificationDate", "AuditDeletionDate") OVERRIDING SYSTEM VALUE VALUES (4, N'Dynamic Pro: Phase 2', N'Dynamic', 2, CURRENT_USER, CURRENT_USER, NOW(), NOW(), null);
INSERT INTO "Helix6_Test"."Project" ("Id", "Name", "VersionKey", "VersionNumber", "AuditCreationUser", "AuditModificationUser", "AuditCreationDate", "AuditModificationDate", "AuditDeletionDate") OVERRIDING SYSTEM VALUE VALUES (5, N'Dynamic Pro: Phase 3', N'Dynamic', 3, CURRENT_USER, CURRENT_USER, NOW(), NOW(), null);

INSERT INTO "Helix6_Test"."WorkerType" ("Id", "Description", "AuditCreationUser", "AuditModificationUser", "AuditCreationDate", "AuditModificationDate", "AuditDeletionDate") VALUES (1, N'Fixed-term', CURRENT_USER, CURRENT_USER, NOW(), NOW(), null);
INSERT INTO "Helix6_Test"."WorkerType" ("Id", "Description", "AuditCreationUser", "AuditModificationUser", "AuditCreationDate", "AuditModificationDate", "AuditDeletionDate") VALUES (2, N'Seasonal', CURRENT_USER, CURRENT_USER, NOW(), NOW(), null);
INSERT INTO "Helix6_Test"."WorkerType" ("Id", "Description", "AuditCreationUser", "AuditModificationUser", "AuditCreationDate", "AuditModificationDate", "AuditDeletionDate") VALUES (3, N'Agency', CURRENT_USER, CURRENT_USER, NOW(), NOW(), null);

INSERT INTO "Helix6_Security"."SecurityAccessOption" ("Id", "SecurityModuleId", "Description", "AuditCreationUser", "AuditModificationUser", "AuditCreationDate", "AuditModificationDate", "AuditDeletionDate") VALUES (100, 100, N'Worker query', CURRENT_USER, CURRENT_USER, NOW(), NOW(), null);
INSERT INTO "Helix6_Security"."SecurityAccessOption" ("Id", "SecurityModuleId", "Description", "AuditCreationUser", "AuditModificationUser", "AuditCreationDate", "AuditModificationDate", "AuditDeletionDate") VALUES (101, 100, N'Worker modification', CURRENT_USER, CURRENT_USER, NOW(), NOW(), null);
INSERT INTO "Helix6_Security"."SecurityAccessOption" ("Id", "SecurityModuleId", "Description", "AuditCreationUser", "AuditModificationUser", "AuditCreationDate", "AuditModificationDate", "AuditDeletionDate") VALUES (102, 100, N'Project query', CURRENT_USER, CURRENT_USER, NOW(), NOW(), null);
INSERT INTO "Helix6_Security"."SecurityAccessOption" ("Id", "SecurityModuleId", "Description", "AuditCreationUser", "AuditModificationUser", "AuditCreationDate", "AuditModificationDate", "AuditDeletionDate") VALUES (103, 100, N'Project modification', CURRENT_USER, CURRENT_USER, NOW(), NOW(), null);


INSERT INTO "Helix6_Test"."Worker" ("Id", "Name", "Surnames", "BirthDate", "IsTrainee", "WorkerTypeId", "Age", "Height", "AuditCreationUser", "AuditModificationUser", "AuditCreationDate", "AuditModificationDate", "AuditDeletionDate") OVERRIDING SYSTEM VALUE VALUES (1, N'Antonio', N'Sarabia Lozano', '1974-06-11 22:00:00.000', true, 1, 49, 1.88, CURRENT_USER, CURRENT_USER, NOW(), NOW(), null);
INSERT INTO "Helix6_Test"."Worker" ("Id", "Name", "Surnames", "BirthDate", "IsTrainee", "WorkerTypeId", "Age", "Height", "AuditCreationUser", "AuditModificationUser", "AuditCreationDate", "AuditModificationDate", "AuditDeletionDate") OVERRIDING SYSTEM VALUE VALUES (2, N'Pablo', N'Fernández García', '1991-02-03 23:00:00.000', true, 1, 32, 1.72, CURRENT_USER, CURRENT_USER, NOW(), NOW(), null);
INSERT INTO "Helix6_Test"."Worker" ("Id", "Name", "Surnames", "BirthDate", "IsTrainee", "WorkerTypeId", "Age", "Height", "AuditCreationUser", "AuditModificationUser", "AuditCreationDate", "AuditModificationDate", "AuditDeletionDate") OVERRIDING SYSTEM VALUE VALUES (3, N'Maria', N'Pérez Langa', '1992-12-19 23:00:00.000', false, 1, 31, 1.62, CURRENT_USER, CURRENT_USER, NOW(), NOW(), null);
INSERT INTO "Helix6_Test"."Worker" ("Id", "Name", "Surnames", "BirthDate", "IsTrainee", "WorkerTypeId", "Age", "Height", "AuditCreationUser", "AuditModificationUser", "AuditCreationDate", "AuditModificationDate", "AuditDeletionDate") OVERRIDING SYSTEM VALUE VALUES (4, N'Paula', N'Herranz Fortuny', '1984-07-14 22:00:00.000', false, 2, 39, 1.66, CURRENT_USER, CURRENT_USER, NOW(), NOW(), null);
INSERT INTO "Helix6_Test"."Worker" ("Id", "Name", "Surnames", "BirthDate", "IsTrainee", "WorkerTypeId", "Age", "Height", "AuditCreationUser", "AuditModificationUser", "AuditCreationDate", "AuditModificationDate", "AuditDeletionDate") OVERRIDING SYSTEM VALUE VALUES (5, N'Malena 3', N'Bonilla Planas', '1977-03-24 21:00:00.000', false, 2, 46, 1.72, CURRENT_USER, CURRENT_USER, NOW(), NOW(), null);
INSERT INTO "Helix6_Test"."Worker" ("Id", "Name", "Surnames", "BirthDate", "IsTrainee", "WorkerTypeId", "Age", "Height", "AuditCreationUser", "AuditModificationUser", "AuditCreationDate", "AuditModificationDate", "AuditDeletionDate") OVERRIDING SYSTEM VALUE VALUES (6, N'Hector', N'Mulet Corbacho', '1988-05-27 22:00:00.000', true, 3, 35, 1.90, CURRENT_USER, CURRENT_USER, NOW(), NOW(), null);
INSERT INTO "Helix6_Test"."Worker" ("Id", "Name", "Surnames", "BirthDate", "IsTrainee", "WorkerTypeId", "Age", "Height", "AuditCreationUser", "AuditModificationUser", "AuditCreationDate", "AuditModificationDate", "AuditDeletionDate") OVERRIDING SYSTEM VALUE VALUES (7, N'Felix', N'Soler Jerez', '1991-04-03 22:00:00.000', true, 3, NULL, NULL, CURRENT_USER, CURRENT_USER, NOW(), NOW(), null);
INSERT INTO "Helix6_Test"."Worker" ("Id", "Name", "Surnames", "BirthDate", "IsTrainee", "WorkerTypeId", "Age", "Height", "AuditCreationUser", "AuditModificationUser", "AuditCreationDate", "AuditModificationDate", "AuditDeletionDate") OVERRIDING SYSTEM VALUE VALUES (8, N'Sofia', N'Arnau Bueno', '1994-03-02 23:00:00.000', false, 3, NULL, NULL, CURRENT_USER, CURRENT_USER, NOW(), NOW(), NOW());
INSERT INTO "Helix6_Test"."Worker" ("Id", "Name", "Surnames", "BirthDate", "IsTrainee", "WorkerTypeId", "Age", "Height", "AuditCreationUser", "AuditModificationUser", "AuditCreationDate", "AuditModificationDate", "AuditDeletionDate") OVERRIDING SYSTEM VALUE VALUES (9, N'Salva', N'Bueno Navarro', '1990-01-10 23:00:00.000', false, 1, 33, 1.98, CURRENT_USER, CURRENT_USER, NOW(), NOW(), null);
INSERT INTO "Helix6_Test"."Worker" ("Id", "Name", "Surnames", "BirthDate", "IsTrainee", "WorkerTypeId", "Age", "Height", "AuditCreationUser", "AuditModificationUser", "AuditCreationDate", "AuditModificationDate", "AuditDeletionDate") OVERRIDING SYSTEM VALUE VALUES (10, N'Ángeles', N'Bueno Navarro', '1990-01-10 23:00:00.000', false, 1, 33, 1.98, CURRENT_USER, CURRENT_USER, NOW(), NOW(), null);

INSERT INTO "Helix6_Security"."SecurityAccessOptionLevel" ("Id", "SecurityAccessOptionId", "Controller", "SecurityLevel", "AuditCreationUser", "AuditModificationUser", "AuditCreationDate", "AuditModificationDate", "AuditDeletionDate") VALUES (100, 100, N'Worker', 1, CURRENT_USER, CURRENT_USER, NOW(), NOW(), null);
INSERT INTO "Helix6_Security"."SecurityAccessOptionLevel" ("Id", "SecurityAccessOptionId", "Controller", "SecurityLevel", "AuditCreationUser", "AuditModificationUser", "AuditCreationDate", "AuditModificationDate", "AuditDeletionDate") VALUES (101, 100, N'WorkerType', 1, CURRENT_USER, CURRENT_USER, NOW(), NOW(), null);
INSERT INTO "Helix6_Security"."SecurityAccessOptionLevel" ("Id", "SecurityAccessOptionId", "Controller", "SecurityLevel", "AuditCreationUser", "AuditModificationUser", "AuditCreationDate", "AuditModificationDate", "AuditDeletionDate") VALUES (102, 101, N'Worker', 2, CURRENT_USER, CURRENT_USER, NOW(), NOW(), null);
INSERT INTO "Helix6_Security"."SecurityAccessOptionLevel" ("Id", "SecurityAccessOptionId", "Controller", "SecurityLevel", "AuditCreationUser", "AuditModificationUser", "AuditCreationDate", "AuditModificationDate", "AuditDeletionDate") VALUES (104, 102, N'Project', 1, CURRENT_USER, CURRENT_USER, NOW(), NOW(), null);
INSERT INTO "Helix6_Security"."SecurityAccessOptionLevel" ("Id", "SecurityAccessOptionId", "Controller", "SecurityLevel", "AuditCreationUser", "AuditModificationUser", "AuditCreationDate", "AuditModificationDate", "AuditDeletionDate") VALUES (105, 103, N'Project', 2, CURRENT_USER, CURRENT_USER, NOW(), NOW(), null);
INSERT INTO "Helix6_Security"."SecurityAccessOptionLevel" ("Id", "SecurityAccessOptionId", "Controller", "SecurityLevel", "AuditCreationUser", "AuditModificationUser", "AuditCreationDate", "AuditModificationDate", "AuditDeletionDate") VALUES (106, 100, N'Prueba', 1, CURRENT_USER, CURRENT_USER, NOW(), NOW(), null);
INSERT INTO "Helix6_Security"."SecurityAccessOptionLevel" ("Id", "SecurityAccessOptionId", "Controller", "SecurityLevel", "AuditCreationUser", "AuditModificationUser", "AuditCreationDate", "AuditModificationDate", "AuditDeletionDate") VALUES (107, 101, N'Prueba', 2, CURRENT_USER, CURRENT_USER, NOW(), NOW(), null);
INSERT INTO "Helix6_Security"."SecurityAccessOptionLevel" ("Id", "SecurityAccessOptionId", "Controller", "SecurityLevel", "AuditCreationUser", "AuditModificationUser", "AuditCreationDate", "AuditModificationDate", "AuditDeletionDate") VALUES (108, 100, N'VistaPrueba', 1, CURRENT_USER, CURRENT_USER, NOW(), NOW(), null);
INSERT INTO "Helix6_Security"."SecurityAccessOptionLevel" ("Id", "SecurityAccessOptionId", "Controller", "SecurityLevel", "AuditCreationUser", "AuditModificationUser", "AuditCreationDate", "AuditModificationDate", "AuditDeletionDate") VALUES (109, 100, N'AddressType', 1, CURRENT_USER, CURRENT_USER, NOW(), NOW(), null);
INSERT INTO "Helix6_Security"."SecurityAccessOptionLevel" ("Id", "SecurityAccessOptionId", "Controller", "SecurityLevel", "AuditCreationUser", "AuditModificationUser", "AuditCreationDate", "AuditModificationDate", "AuditDeletionDate") VALUES (111, 101, N'WorkerAddress', 2, CURRENT_USER, CURRENT_USER, NOW(), NOW(), null);
INSERT INTO "Helix6_Security"."SecurityAccessOptionLevel" ("Id", "SecurityAccessOptionId", "Controller", "SecurityLevel", "AuditCreationUser", "AuditModificationUser", "AuditCreationDate", "AuditModificationDate", "AuditDeletionDate") VALUES (112, 100, N'Course', 1, CURRENT_USER, CURRENT_USER, NOW(), NOW(), null);
INSERT INTO "Helix6_Security"."SecurityAccessOptionLevel" ("Id", "SecurityAccessOptionId", "Controller", "SecurityLevel", "AuditCreationUser", "AuditModificationUser", "AuditCreationDate", "AuditModificationDate", "AuditDeletionDate") VALUES (113, 101, N'Course', 2, CURRENT_USER, CURRENT_USER, NOW(), NOW(), null);

INSERT INTO "Helix6_Security"."SecurityProfile_SecurityAccessOption" ("Id", "SecurityProfileId", "SecurityAccessOptionId", "AuditCreationUser", "AuditModificationUser", "AuditCreationDate", "AuditModificationDate", "AuditDeletionDate") OVERRIDING SYSTEM VALUE VALUES (100, 1, 101, CURRENT_USER, CURRENT_USER, NOW(), NOW(), null);
INSERT INTO "Helix6_Security"."SecurityProfile_SecurityAccessOption" ("Id", "SecurityProfileId", "SecurityAccessOptionId", "AuditCreationUser", "AuditModificationUser", "AuditCreationDate", "AuditModificationDate", "AuditDeletionDate") OVERRIDING SYSTEM VALUE VALUES (101, 1, 103, CURRENT_USER, CURRENT_USER, NOW(), NOW(), null);
INSERT INTO "Helix6_Security"."SecurityProfile_SecurityAccessOption" ("Id", "SecurityProfileId", "SecurityAccessOptionId", "AuditCreationUser", "AuditModificationUser", "AuditCreationDate", "AuditModificationDate", "AuditDeletionDate") OVERRIDING SYSTEM VALUE VALUES (1202, 2, 100, CURRENT_USER, CURRENT_USER, NOW(), NOW(), null);
INSERT INTO "Helix6_Security"."SecurityProfile_SecurityAccessOption" ("Id", "SecurityProfileId", "SecurityAccessOptionId", "AuditCreationUser", "AuditModificationUser", "AuditCreationDate", "AuditModificationDate", "AuditDeletionDate") OVERRIDING SYSTEM VALUE VALUES (1203, 2, 101, CURRENT_USER, CURRENT_USER, NOW(), NOW(), null);
INSERT INTO "Helix6_Security"."SecurityProfile_SecurityAccessOption" ("Id", "SecurityProfileId", "SecurityAccessOptionId", "AuditCreationUser", "AuditModificationUser", "AuditCreationDate", "AuditModificationDate", "AuditDeletionDate") OVERRIDING SYSTEM VALUE VALUES (1204, 2, 102, CURRENT_USER, CURRENT_USER, NOW(), NOW(), null);
INSERT INTO "Helix6_Security"."SecurityProfile_SecurityAccessOption" ("Id", "SecurityProfileId", "SecurityAccessOptionId", "AuditCreationUser", "AuditModificationUser", "AuditCreationDate", "AuditModificationDate", "AuditDeletionDate") OVERRIDING SYSTEM VALUE VALUES (1205, 2, 103, CURRENT_USER, CURRENT_USER, NOW(), NOW(), null);
INSERT INTO "Helix6_Security"."SecurityProfile_SecurityAccessOption" ("Id", "SecurityProfileId", "SecurityAccessOptionId", "AuditCreationUser", "AuditModificationUser", "AuditCreationDate", "AuditModificationDate", "AuditDeletionDate") OVERRIDING SYSTEM VALUE VALUES (1213, 1, 100, CURRENT_USER, CURRENT_USER, NOW(), NOW(), null);

INSERT INTO "Helix6_Test"."Worker_Course" ("Id", "WorkerId", "CourseId", "AuditCreationUser", "AuditModificationUser", "AuditCreationDate", "AuditModificationDate", "AuditDeletionDate") OVERRIDING SYSTEM VALUE VALUES (601, 1, 1, CURRENT_USER, CURRENT_USER, NOW(), NOW(), null);
INSERT INTO "Helix6_Test"."Worker_Course" ("Id", "WorkerId", "CourseId", "AuditCreationUser", "AuditModificationUser", "AuditCreationDate", "AuditModificationDate", "AuditDeletionDate") OVERRIDING SYSTEM VALUE VALUES (602, 1, 2, CURRENT_USER, CURRENT_USER, NOW(), NOW(), null);
INSERT INTO "Helix6_Test"."Worker_Course" ("Id", "WorkerId", "CourseId", "AuditCreationUser", "AuditModificationUser", "AuditCreationDate", "AuditModificationDate", "AuditDeletionDate") OVERRIDING SYSTEM VALUE VALUES (603, 1, 3, CURRENT_USER, CURRENT_USER, NOW(), NOW(), null);
INSERT INTO "Helix6_Test"."Worker_Course" ("Id", "WorkerId", "CourseId", "AuditCreationUser", "AuditModificationUser", "AuditCreationDate", "AuditModificationDate", "AuditDeletionDate") OVERRIDING SYSTEM VALUE VALUES (604, 2, 1, CURRENT_USER, CURRENT_USER, NOW(), NOW(), null);
INSERT INTO "Helix6_Test"."Worker_Course" ("Id", "WorkerId", "CourseId", "AuditCreationUser", "AuditModificationUser", "AuditCreationDate", "AuditModificationDate", "AuditDeletionDate") OVERRIDING SYSTEM VALUE VALUES (605, 3, 1, CURRENT_USER, CURRENT_USER, NOW(), NOW(), null);
INSERT INTO "Helix6_Test"."Worker_Course" ("Id", "WorkerId", "CourseId", "AuditCreationUser", "AuditModificationUser", "AuditCreationDate", "AuditModificationDate", "AuditDeletionDate") OVERRIDING SYSTEM VALUE VALUES (606, 3, 2, CURRENT_USER, CURRENT_USER, NOW(), NOW(), null);
INSERT INTO "Helix6_Test"."Worker_Course" ("Id", "WorkerId", "CourseId", "AuditCreationUser", "AuditModificationUser", "AuditCreationDate", "AuditModificationDate", "AuditDeletionDate") OVERRIDING SYSTEM VALUE VALUES (607, 3, 3, CURRENT_USER, CURRENT_USER, NOW(), NOW(), null);
INSERT INTO "Helix6_Test"."Worker_Course" ("Id", "WorkerId", "CourseId", "AuditCreationUser", "AuditModificationUser", "AuditCreationDate", "AuditModificationDate", "AuditDeletionDate") OVERRIDING SYSTEM VALUE VALUES (608, 3, 4, CURRENT_USER, CURRENT_USER, NOW(), NOW(), null);
INSERT INTO "Helix6_Test"."Worker_Course" ("Id", "WorkerId", "CourseId", "AuditCreationUser", "AuditModificationUser", "AuditCreationDate", "AuditModificationDate", "AuditDeletionDate") OVERRIDING SYSTEM VALUE VALUES (611, 6, 4, CURRENT_USER, CURRENT_USER, NOW(), NOW(), null);
INSERT INTO "Helix6_Test"."Worker_Course" ("Id", "WorkerId", "CourseId", "AuditCreationUser", "AuditModificationUser", "AuditCreationDate", "AuditModificationDate", "AuditDeletionDate") OVERRIDING SYSTEM VALUE VALUES (612, 8, 1, CURRENT_USER, CURRENT_USER, NOW(), NOW(), null);
INSERT INTO "Helix6_Test"."Worker_Course" ("Id", "WorkerId", "CourseId", "AuditCreationUser", "AuditModificationUser", "AuditCreationDate", "AuditModificationDate", "AuditDeletionDate") OVERRIDING SYSTEM VALUE VALUES (613, 8, 2, CURRENT_USER, CURRENT_USER, NOW(), NOW(), null);
INSERT INTO "Helix6_Test"."Worker_Course" ("Id", "WorkerId", "CourseId", "AuditCreationUser", "AuditModificationUser", "AuditCreationDate", "AuditModificationDate", "AuditDeletionDate") OVERRIDING SYSTEM VALUE VALUES (614, 8, 3, CURRENT_USER, CURRENT_USER, NOW(), NOW(), null);
INSERT INTO "Helix6_Test"."Worker_Course" ("Id", "WorkerId", "CourseId", "AuditCreationUser", "AuditModificationUser", "AuditCreationDate", "AuditModificationDate", "AuditDeletionDate") OVERRIDING SYSTEM VALUE VALUES (615, 8, 4, CURRENT_USER, CURRENT_USER, NOW(), NOW(), null);

INSERT INTO "Helix6_Test"."Worker_Project" ("Id", "WorkerId", "ProjectId", "AuditCreationUser", "AuditModificationUser", "AuditCreationDate", "AuditModificationDate", "AuditDeletionDate") OVERRIDING SYSTEM VALUE VALUES (1, 1, 1, CURRENT_USER, CURRENT_USER, NOW(), NOW(), null);
INSERT INTO "Helix6_Test"."Worker_Project" ("Id", "WorkerId", "ProjectId", "AuditCreationUser", "AuditModificationUser", "AuditCreationDate", "AuditModificationDate", "AuditDeletionDate") OVERRIDING SYSTEM VALUE VALUES (2, 1, 2, CURRENT_USER, CURRENT_USER, NOW(), NOW(), null);
INSERT INTO "Helix6_Test"."Worker_Project" ("Id", "WorkerId", "ProjectId", "AuditCreationUser", "AuditModificationUser", "AuditCreationDate", "AuditModificationDate", "AuditDeletionDate") OVERRIDING SYSTEM VALUE VALUES (3, 1, 3, CURRENT_USER, CURRENT_USER, NOW(), NOW(), null);
INSERT INTO "Helix6_Test"."Worker_Project" ("Id", "WorkerId", "ProjectId", "AuditCreationUser", "AuditModificationUser", "AuditCreationDate", "AuditModificationDate", "AuditDeletionDate") OVERRIDING SYSTEM VALUE VALUES (4, 2, 1, CURRENT_USER, CURRENT_USER, NOW(), NOW(), null);
INSERT INTO "Helix6_Test"."Worker_Project" ("Id", "WorkerId", "ProjectId", "AuditCreationUser", "AuditModificationUser", "AuditCreationDate", "AuditModificationDate", "AuditDeletionDate") OVERRIDING SYSTEM VALUE VALUES (5, 2, 2, CURRENT_USER, CURRENT_USER, NOW(), NOW(), null);
INSERT INTO "Helix6_Test"."Worker_Project" ("Id", "WorkerId", "ProjectId", "AuditCreationUser", "AuditModificationUser", "AuditCreationDate", "AuditModificationDate", "AuditDeletionDate") OVERRIDING SYSTEM VALUE VALUES (6, 3, 1, CURRENT_USER, CURRENT_USER, NOW(), NOW(), null);
INSERT INTO "Helix6_Test"."Worker_Project" ("Id", "WorkerId", "ProjectId", "AuditCreationUser", "AuditModificationUser", "AuditCreationDate", "AuditModificationDate", "AuditDeletionDate") OVERRIDING SYSTEM VALUE VALUES (7, 4, 3, CURRENT_USER, CURRENT_USER, NOW(), NOW(), null);
INSERT INTO "Helix6_Test"."Worker_Project" ("Id", "WorkerId", "ProjectId", "AuditCreationUser", "AuditModificationUser", "AuditCreationDate", "AuditModificationDate", "AuditDeletionDate") OVERRIDING SYSTEM VALUE VALUES (8, 5, 1, CURRENT_USER, CURRENT_USER, NOW(), NOW(), null);
INSERT INTO "Helix6_Test"."Worker_Project" ("Id", "WorkerId", "ProjectId", "AuditCreationUser", "AuditModificationUser", "AuditCreationDate", "AuditModificationDate", "AuditDeletionDate") OVERRIDING SYSTEM VALUE VALUES (9, 5, 3, CURRENT_USER, CURRENT_USER, NOW(), NOW(), null);
INSERT INTO "Helix6_Test"."Worker_Project" ("Id", "WorkerId", "ProjectId", "AuditCreationUser", "AuditModificationUser", "AuditCreationDate", "AuditModificationDate", "AuditDeletionDate") OVERRIDING SYSTEM VALUE VALUES (10, 6, 2, CURRENT_USER, CURRENT_USER, NOW(), NOW(), null);
INSERT INTO "Helix6_Test"."Worker_Project" ("Id", "WorkerId", "ProjectId", "AuditCreationUser", "AuditModificationUser", "AuditCreationDate", "AuditModificationDate", "AuditDeletionDate") OVERRIDING SYSTEM VALUE VALUES (11, 9, 2, CURRENT_USER, CURRENT_USER, NOW(), NOW(), null);

INSERT INTO "Helix6_Test"."WorkerAddress" ("Id", "WorkerId", "Address", "AddressTypeId", "AuditCreationUser", "AuditModificationUser", "AuditCreationDate", "AuditModificationDate", "AuditDeletionDate") OVERRIDING SYSTEM VALUE VALUES (1, 1, N'C/La baranda, 1, Valencia', 1, CURRENT_USER, CURRENT_USER, NOW(), NOW(), null);
INSERT INTO "Helix6_Test"."WorkerAddress" ("Id", "WorkerId", "Address", "AddressTypeId", "AuditCreationUser", "AuditModificationUser", "AuditCreationDate", "AuditModificationDate", "AuditDeletionDate") OVERRIDING SYSTEM VALUE VALUES (2, 1, N'C/Sorni, 14, Valencia', 1, CURRENT_USER, CURRENT_USER, NOW(), NOW(), null);
INSERT INTO "Helix6_Test"."WorkerAddress" ("Id", "WorkerId", "Address", "AddressTypeId", "AuditCreationUser", "AuditModificationUser", "AuditCreationDate", "AuditModificationDate", "AuditDeletionDate") OVERRIDING SYSTEM VALUE VALUES (3, 1, N'C/La baranda, 1, Valencia', 3, CURRENT_USER, CURRENT_USER, NOW(), NOW(), null);
INSERT INTO "Helix6_Test"."WorkerAddress" ("Id", "WorkerId", "Address", "AddressTypeId", "AuditCreationUser", "AuditModificationUser", "AuditCreationDate", "AuditModificationDate", "AuditDeletionDate") OVERRIDING SYSTEM VALUE VALUES (4, 2, N'C/Lombarda, 17, Valencia', 1, CURRENT_USER, CURRENT_USER, NOW(), NOW(), null);
INSERT INTO "Helix6_Test"."WorkerAddress" ("Id", "WorkerId", "Address", "AddressTypeId", "AuditCreationUser", "AuditModificationUser", "AuditCreationDate", "AuditModificationDate", "AuditDeletionDate") OVERRIDING SYSTEM VALUE VALUES (5, 2, N'C/Sorni, 14, Valencia', 1, CURRENT_USER, CURRENT_USER, NOW(), NOW(), null);
INSERT INTO "Helix6_Test"."WorkerAddress" ("Id", "WorkerId", "Address", "AddressTypeId", "AuditCreationUser", "AuditModificationUser", "AuditCreationDate", "AuditModificationDate", "AuditDeletionDate") OVERRIDING SYSTEM VALUE VALUES (6, 2, N'C/Lombarda, 17, Valencia', 3, CURRENT_USER, CURRENT_USER, NOW(), NOW(), null);
INSERT INTO "Helix6_Test"."WorkerAddress" ("Id", "WorkerId", "Address", "AddressTypeId", "AuditCreationUser", "AuditModificationUser", "AuditCreationDate", "AuditModificationDate", "AuditDeletionDate") OVERRIDING SYSTEM VALUE VALUES (7, 3, N'C/Yecla, 22, Valencia', 1, CURRENT_USER, CURRENT_USER, NOW(), NOW(), null);
INSERT INTO "Helix6_Test"."WorkerAddress" ("Id", "WorkerId", "Address", "AddressTypeId", "AuditCreationUser", "AuditModificationUser", "AuditCreationDate", "AuditModificationDate", "AuditDeletionDate") OVERRIDING SYSTEM VALUE VALUES (8, 4, N'C/Sorolla, 15, Valencia', 1, CURRENT_USER, CURRENT_USER, NOW(), NOW(), null);
INSERT INTO "Helix6_Test"."WorkerAddress" ("Id", "WorkerId", "Address", "AddressTypeId", "AuditCreationUser", "AuditModificationUser", "AuditCreationDate", "AuditModificationDate", "AuditDeletionDate") OVERRIDING SYSTEM VALUE VALUES (9, 5, N'C/Creu, 12, Valencia', 1, CURRENT_USER, CURRENT_USER, NOW(), NOW(), null);



ALTER TABLE "Helix6_Security"."SecurityProfile_SecurityAccessOption" ENABLE TRIGGER ALL;
ALTER TABLE "Helix6_Security"."SecurityAccessOptionLevel" ENABLE TRIGGER ALL;
ALTER TABLE "Helix6_Test"."Worker" ENABLE TRIGGER ALL;
ALTER TABLE "Helix6_Security"."SecurityAccessOption" ENABLE TRIGGER ALL;

